;Kd2;Alpha
0;0.00029743777532313876;1069.6940990599828
1;0.00032201125023742765;1049.0188771432659
2;0.00033637846659619123;1202.356033577994
3;0.0011684944076839634;4188.553290005151
4;0.0003806107183560052;1377.4646067064377
5;0.00030222891953410715;1096.5735372373604
6;0.00030308122797508143;1198.0402574451089
7;0.000662115762444482;2271.4863520231293
8;0.0004849681247435444;1612.091769931702
9;0.0015196125789741783;5040.354048644821
10;0.00026295084720904556;921.9986778610943
11;0.00014988331957577244;605.6739945951405
12;0.23376978504843263;750185.0951313241
13;0.00024181202833888825;875.882835433683
14;0.00020193663735696684;733.3774974198275
15;0.0003874058269972466;1354.5436454998444
16;0.0002809987692128997;936.7686079831367
17;0.0005547418552572914;1804.3417873243077
18;0.0004956458242260965;1662.2135168615491
19;0.000288042528338821;1025.6838192075356
20;0.00021486928702885177;789.7505029209783
21;0.0006664660938440815;2249.9211845514683
22;0.0003153800911593477;995.0504994019827
23;0.00030537857825642693;1035.5168791025726
24;0.0003840563338276595;1387.4028919094385
25;0.00031243313838029966;1094.370802610811
26;0.0005396805491236273;1820.8380395528545
27;0.00030370601843277906;1055.2334944793145
28;0.0047747417948461905;16241.751530658146
29;0.0003049498550309432;1111.7934356260178
30;0.4539928365713534;1488057.1746881506
31;0.00024536746040872387;886.9843755508725
32;0.0003259567698451775;1116.630996770757
33;0.00017805597209883856;674.8785194752567
34;0.0006330777310788985;2054.924157045612
35;0.00030094800987187886;1064.6232825186344
36;0.00017145588561183684;665.3700716915131
37;0.0004423389114170464;1453.1046909069264
38;0.0005329464023792643;1845.9276805374375
39;0.00034680627814880717;1162.1801762396767
40;0.00037759585143177734;1399.3253716878323
41;0.00025447416392025387;1026.6801442513536
42;0.00036371060933639156;1205.8583258947735
43;0.0002334064477944562;835.8597078175192
44;0.000508188003392747;1651.4362453696638
45;0.00025259777531723687;856.2638649898151
46;0.0005028721056145;1622.5093051163487
47;0.0009754312300197163;3000.6193487617725
48;0.0003172659198277948;1061.7830633253664
49;0.00022800112309903574;836.705650695533
50;0.0002784385888364738;1005.6866626809848
51;0.00042435280954886384;1468.8297578345387
52;0.002243008949735271;7496.554759024792
53;0.00043478870950538795;1466.753569860219
54;0.000654225554294678;2030.478937518354
55;0.02012417982157097;67726.03273946002
56;0.00025640251750296553;916.7666599174494
57;0.0003269062283793577;1129.161169997914
58;0.00046428450246705345;1580.9148004385206
59;0.0004893048743721628;1650.1632566472317
60;0.0004254827657490621;1448.5936184690406
61;0.00036630474607192;1238.3971530543663
62;0.00038170591413073897;1352.9699345190816
63;0.0002593700350383063;965.4990603737102
64;0.0003177014491155571;1116.7431773468397
65;0.0005810538330044148;2098.364576392622
66;0.0002732436130695011;926.8582272448499
67;0.000337821865246313;1159.6452155885934
68;0.0005884303512202632;2082.225599532518
69;0.0006116529458919373;2115.3851813972033
70;0.00043211771614762225;1502.9613412544218
71;0.00030837014965688213;1045.9395011227418
72;0.0009618195947085266;3073.037049728188
73;0.0004852117415999764;1580.5757874492986
74;0.0004856386677917143;1573.207490040028
75;0.0003573029069836641;1235.2703029363818
76;0.00036538084983337707;1219.5331201873203
77;0.0006981176326903389;2540.657621029916
78;0.0002745178426704972;1061.3083790375717
79;0.0004806718927706623;1717.4357932319283
80;0.00023968437487572607;806.5573149551541
81;0.00015130128371113665;611.6248215415293
82;0.0002894491519574699;1097.3348470516903
83;0.00042696243455315173;1406.8430749147515
84;0.000520539838761085;1774.6739188032905
85;0.0002117082698032556;736.0867253733181
86;0.00019137948210640036;690.0266910394222
87;0.0003675629910831631;1388.6786497950347
88;0.00025819041930232235;927.9407301795808
89;0.00029564357358921535;1009.3039279180085
90;0.0006054533460330625;2029.2834524390817
91;0.000308473611104438;1095.6682425930767
92;0.0007760954887357909;2500.5865709961995
93;0.000604093763017898;2013.544477558416
94;0.0006562911626708398;2381.368082013269
95;0.0002706204901775057;1078.1393864098125
96;0.00042235525562501764;1428.8872274777295
97;0.00028284568630685265;962.4136935322783
98;0.00023090365873256542;762.0752853362978
99;0.00042063118835769335;1372.2879027461604
100;0.0003336873551511188;1162.5215555274913
101;0.0006700749962704914;2175.8353504783213
102;0.0002855939978197005;941.3801510334922
103;0.00042914725693074025;1465.9532962075837
104;0.0010114679435291429;3506.938809123833
105;0.00023618842364949352;814.4607708681764
106;0.00034207685731744666;1261.3914542613722
107;0.003027273707925837;9952.318136868595
108;0.00045466306442104967;1574.3995402057665
109;0.0006176657772274042;2008.4422461710353
110;0.0004150958299983074;1440.9260938585028
111;0.00030314462963064855;1025.087978680068
112;0.0002831564213853834;1051.2289217430398
113;0.0002817287332825706;1013.8632264549321
114;0.0005196657751315414;1724.044648907816
115;0.00041674766096792154;1354.4828994536367
116;0.0004927208503913099;1588.3823060989348
117;0.0005205571180014783;1745.9969329735359
118;0.0003359603352236037;1105.701578112435
119;0.0005593269126938986;1794.1851549787737
120;0.00020851906957425069;777.2469148188288
121;0.00030956246074683954;1075.358607529165
122;0.0010527420639063134;3386.5169297503226
123;0.00045685662790606493;1441.8595299643998
124;0.0003858114802435667;1177.701000342182
125;0.0002667867420493516;962.7443417605587
126;0.00019039895242614608;674.9202878757626
127;0.000636275714967479;2167.353012952638
128;0.00019343559818078566;748.097612507413
129;0.00036106412400374566;1201.439396339897
130;0.00032113864292388183;1119.3504831733403
131;0.0005203637067272313;1869.0082218881012
132;0.0002949934058724693;1012.0650547252745
133;0.001017257154453984;3454.4855701895394
134;0.0003949484296114877;1287.3781734701354
135;0.12988571771128696;398645.63103782723
136;0.0002563903733090301;850.9591499685868
137;0.0004914774725565712;1682.92111666034
138;0.0007424502721662754;2299.2759152491376
139;0.00040044950310213985;1384.0411395227304
140;0.0006259775399112194;2091.3058916911486
141;0.0005364020453616003;1842.6198003541904
142;0.0857179012734103;258918.87928206832
143;0.0002941606665813455;998.3652508270579
144;0.0006155285741394806;2066.443438201744
145;0.0003525079555587499;1273.712730723837
146;0.0004147776400883808;1452.651950375886
147;0.00028582206974980123;1028.814372548635
148;0.0007629749280860983;2623.8283748903905
149;0.0002558620891299781;832.2357008630061
150;0.0007624002100868304;2422.085473336347
151;0.0005103734889156706;1822.7946446265896
152;0.0006170477785932977;2223.622142175546
153;0.0003636372923593402;1281.1233339005123
154;0.0007449728890517589;2366.6000810858354
155;0.002170416288953721;7680.385797153915
156;0.0003868861932524861;1226.2244679789064
157;0.0004927381216018781;1594.3509904055302
158;0.15469790052072194;520461.0424634726
159;0.000386774211074245;1256.8959009740256
160;0.00032441980303839186;1141.7923678349662
161;0.0005432411691761814;1759.1137577565762
162;0.0004089117533760847;1449.866371436287
163;0.0002973797103915739;1051.626603599361
164;0.0006153490180933703;2091.747591527389
165;0.0003831414881236534;1284.565886710904
166;0.0004544529067623128;1576.3386755203853
167;0.00039752124224366633;1437.6464310053848
168;0.0005011095148670761;1637.3628160529395
169;0.0011139522469575385;3707.0801792936163
170;0.00020779735433962802;748.9560813831201
171;0.00034596366221760223;1212.7557467663155
172;0.00024212011663188887;896.2028432875306
173;0.0005863488333749618;1932.2529693319198
174;0.0003532120951680078;1272.3513571193012
175;0.0007291323223145586;2481.7625004586616
176;0.0001941461300199922;722.0392633911943
177;0.00032619562962786145;1160.8731069982634
178;0.002171153486689678;6787.454536458574
179;0.0003460364986491452;1213.9844678386228
180;0.0006271838333364782;2114.1281129161666
181;0.0003244974314448278;1053.5253414225547
182;0.0003259408773097867;1173.0307495099594
183;0.0003510355766953851;1239.405972384743
184;0.0005135367971198102;1812.435643453143
185;0.0006137851362297554;2043.8014236848835
186;0.0006711561565716561;2318.800724868724
187;0.0003542029764193923;1262.2063661511697
188;0.0008650131103860852;2798.3139632530383
189;0.00027872795072463556;894.5291026054355
190;0.0015268261476880133;4887.401490627524
191;0.0004976193594031589;1704.9179816862443
192;0.0031541674272434596;10327.958352807756
193;0.0003499157649178714;1247.1207225320077
194;0.000295332708022831;981.2128892535637
195;0.0001898789171419215;743.4369204976032
196;0.0003316981631077412;1139.2909385895268
197;0.001035465427933603;3424.461080249283
198;0.0002508040437110085;834.3976576040554
199;0.0005324171166145228;1827.9224005500841
200;0.00035686754036301537;1170.5044808707096
201;0.002868072608680062;8619.35214118218
202;0.0018281771198804682;6063.495158204494
203;0.00032799930998066927;1033.5268326717057
204;0.00024785479553463544;954.0594048861142
205;0.0003785550195679003;1336.267416976395
206;0.0003705970732592496;1249.7013690009073
207;0.00021517698123555597;801.4797886039378
208;0.010013567344391492;33727.88809229199
209;0.0002656862715441365;954.3983306849342
210;0.0009006526001639302;3126.114990520367
211;0.00029448619782357436;1004.6020769643674
212;0.0004419040690530163;1434.3962795297984
213;0.0006391654534185883;2147.41536148765
214;0.00027726037535337944;1034.1690596176336
215;0.0006050706321973272;2184.711416788132
216;0.0002760440055385722;964.6012382631678
217;0.0008615771317098661;2832.3529317980087
218;0.000557194087788268;1899.517074717168
219;0.0008382653411686764;2848.805296674992
220;0.0006391296607253309;2141.8243091947584
221;0.0003792484322602737;1274.4489974763403
222;0.0003217241572053771;1246.647860087832
223;0.0006297720030390377;2232.1156022778846
224;0.00041620862891258325;1420.0017632537692
225;0.0005656184955907238;1885.0001317216527
226;0.00025426688072042715;886.8832029999165
227;0.00021671007814845098;783.6423830349934
228;0.0005119810943168098;1755.548396743709
229;0.0003216453282282592;1121.331656973601
230;0.0005232392597050374;1816.040091468543
231;0.000621278146471972;2216.044361574941
232;0.0002467782433421059;876.0764453720744
233;0.000586423810425588;2116.645685337144
234;0.00021886116425301174;843.9719883281163
235;0.0002355923864361915;815.6796492138378
236;0.00038689519476384595;1295.763855315821
237;0.0002592643501623515;932.2361253724714
238;0.0005522892114474985;1786.8301515576388
239;0.0003286013477405709;1126.1343352135284
240;0.0004503632570850618;1456.0600092472037
241;0.0005449647684500836;1888.531705299016
242;0.00038679864296233744;1309.905412679982
243;0.00041665177302454626;1439.158538355456
244;0.00040613215156563696;1382.800899932267
245;0.00026286103664342487;956.1641920484211
246;0.00017891789614018038;646.0312409734413
247;0.0004063082392860525;1370.7103068765773
248;0.0002596044190707571;885.4069674532457
249;0.00038330507141473607;1289.9583914077518
250;0.00027194560534686687;915.5031181407938
251;0.04494060631135881;143017.3934809616
252;0.00036142248448799575;1194.8446940774147
253;0.00019453753974899075;687.1623987520932
254;0.00042857325753952407;1399.470559532423
255;0.0003443996941076414;1258.3131060288442
256;0.0002885612626210253;1000.7982932179729
257;0.0003442051248469736;1164.2770404052387
258;0.0007232916249663045;2447.9277779942163
259;0.001554228461227148;5077.75868140739
260;0.00019733945324617647;753.8843587581373
261;0.0004487445050903599;1574.6141002100564
262;0.0003219002739319876;1094.6356652933323
263;0.00040682352763274056;1392.1079562894552
264;0.00025085600070815444;941.3622936001334
265;0.00037067736599744603;1231.925970790017
266;0.0002870805144079133;1012.5262004704185
267;0.00036148067467775286;1219.408022470067
268;0.0002660814051047453;952.8770723479566
269;0.00016132627163425398;635.8435252116493
270;0.001708311633713866;5441.7209335836
271;0.00027393665845027105;982.1722538252707
272;0.0005273369882849094;1869.8982168634159
273;0.00042120237263152446;1508.9389579413394
274;0.00023534067551388935;838.351209721129
275;0.0004251067583790765;1488.484583295759
276;0.00042719452434987975;1372.9932255120966
277;0.0003755170853340497;1327.1788706120894
278;0.0004556312704002888;1599.6358552934375
279;0.00038376785676276504;1360.2645760211833
280;0.0002679248307289606;873.7211898236709
281;0.00020340678780291925;720.0163374357539
282;0.0002998444949486759;1059.874001164565
283;0.00023319663528442416;868.4251630243775
284;0.0002546757059855854;907.1296354336797
285;0.003152411247870014;10166.440963764198
286;0.00039010142804213566;1374.0818722140373
287;0.0006274961894191042;1919.535112593014
288;0.0010683450417654217;3289.024559642961
289;0.0004994444443220269;1774.1269692460567
290;0.0011065758843787333;3844.9827467253467
291;0.0002523396508678826;909.1493264641663
292;0.008746464581284611;27125.2285369779
293;0.001268769910474915;4321.070802313406
294;0.00020025636367099412;764.2349147228548
295;0.0002406372395533637;828.7511872824946
296;0.0004758675924961791;1730.76448095747
297;0.0017972753936508674;6221.015439989098
298;0.000324034751744992;1134.037705800206
299;0.0002935068033529422;1009.2801428268226
300;0.000277225851957506;936.2580906155495
301;0.00029084218058367305;991.3362515488747
302;0.0004022518186988051;1396.422496702206
303;0.00023939285555438193;847.6432172090224
304;0.0002550808599889922;996.706886419421
305;0.0010729412046272646;3634.920258308248
306;0.00030360219120918557;1116.5734829661012
307;0.00028565821555726414;1052.3354361284726
308;0.0002747412630225837;955.1511281832367
309;0.00036325458069201783;1224.2969878203367
310;0.009929244133897565;33034.57641981098
311;0.00016073324515407335;661.9196880398018
312;0.0003858225260500872;1327.7446120977759
313;0.00023583299519818824;873.4645332054035
314;0.00024816894461370957;967.7746712087217
315;0.00040558926964872683;1335.553891102434
316;0.0004905473406895928;1680.043690711865
317;0.00045814918940323114;1554.020444848123
318;0.00021288302532316132;738.2385011611017
319;0.0002797955716968552;1043.0572950233957
320;0.00033167110560880026;1050.4551135505865
321;0.000836690416415539;2834.4156598864483
322;0.00036177887081720637;1222.0934928477413
323;0.05924197486675121;191163.37436452112
324;0.0003739457291299907;1218.7442177650958
325;0.00024301811207461127;843.149255341401
326;0.00031464778625796757;1136.5009976739973
327;0.0003173862822975293;1134.1258597807364
328;0.000629203300739583;2096.5924436903933
329;0.00029656287924028843;1031.232709612679
330;0.00030970506065726335;1173.8249508460729
331;0.0011008121747506767;3910.9535523924233
332;0.00024151584115832461;910.7485533352751
333;0.0001616885930836926;673.5613029993949
334;0.0004623260179354941;1447.210738901116
335;0.00029565892151075504;951.586896062065
336;0.00045672472395548853;1551.5534937358832
337;0.00023849383138893425;887.7729200790945
338;0.00042415885245129824;1441.803113966129
339;0.0004641399806568096;1536.1243701420876
340;0.00036395688965623716;1253.2882757584632
341;0.00040748669872843046;1362.30377614528
342;0.0004780057984755332;1553.9756319809762
343;0.00036625960961455785;1230.4182335853118
344;0.0004376000034677356;1530.672741890988
345;0.00019737748014812443;705.4011948428373
346;0.0002315747082721709;829.7972779885915
347;0.0003388790861881215;1148.0265937315653
348;0.00014684849139438836;570.0109589451779
349;0.0006227195624401375;1984.896301369627
350;0.0016623275624541806;5107.925202981796
351;0.00046206324654388787;1615.4555445988049
352;0.0004498110415957455;1431.5625960614204
353;0.000436223468462184;1621.3428251715507
354;0.00039444611353935496;1330.8266735695618
355;0.0008418285427822321;2953.9797054635374
356;0.020273758171070442;65795.46632705555
357;0.00029063401877568295;944.9849513980345
358;0.00034078928839032646;1196.4817120268683
359;0.0007845646408171536;2467.2242991878416
360;0.00044840539395212757;1433.4427467883015
361;0.0002817391786321221;1045.9889415061778
362;0.00026597582759994837;915.0260817235394
363;0.00024521012075404445;894.174870732887
364;0.0003875726204301563;1270.5067655836156
365;0.0002939500569492684;902.7208409460038
366;0.001278550538028369;3952.378628977474
367;0.0005847249415952046;1874.9671256113027
368;0.0002853130384215926;979.5108931639795
369;0.00034916202865657275;1194.3489096590874
370;0.0002603060473380766;891.186405846786
371;0.000501219599917999;1646.95262995913
372;0.0004512425174513831;1623.2171180598823
373;0.00022585337190452617;821.8761772297094
374;0.0012561295789574886;4139.6424247848845
375;0.000640414451286728;2113.8127787629505
376;0.0006566608741585591;2079.2327303133025
377;0.0004417918332600094;1391.497185803431
378;0.00045250943425285256;1571.7418369504956
379;0.0003844142593284676;1370.0969611490716
380;0.0003581588260647985;1258.1781907361506
381;0.0006074549109077722;2013.8299815423156
382;0.00040806642756195427;1295.0762058471769
383;0.00032918493500493475;1107.2737268984545
384;0.00016703965674083035;587.0454925014775
385;0.0003631345588172444;1227.8663028148899
386;0.0003777310431589625;1268.038891705602
387;0.0003528066343586904;1189.1319608941753
388;0.00019153003505666144;705.7058607241735
389;0.0006055333492481186;1867.2100341530825
390;0.00025356887066781825;908.7549818115208
391;0.00020098537101394904;711.4056764805282
392;0.00019401461696338923;712.1270310442367
393;0.01514856670476572;44131.91479125044
394;0.0003730469807396328;1261.8512611273536
395;0.0002899199599695924;1010.1645982213033
396;0.00034358906652225786;1246.172315263891
397;0.0007034205543575241;2377.763600809142
398;0.0005207740344342605;1677.101547811576
399;0.0006649579178085176;2091.6624579270924
400;0.0008486764817574751;2850.820358297177
401;0.0004644153686655033;1543.5038246112815
402;0.0005111839029630117;1712.8467044407516
403;0.0002701883462347751;943.5007921465042
404;0.00038014650056154815;1323.8981030197344
405;0.0007226557007418325;2367.125273274195
406;0.00021159225185426043;719.3623317017231
407;0.00047378843948237513;1547.4053836325456
408;0.0004538013039135138;1622.3257749668765
409;0.00034772760161127283;1212.1978622511467
410;0.0006678476687941754;2104.0304306560943
411;0.00036471440074029797;1247.0920770270197
412;0.000984274470205751;3153.9242954758947
413;0.00037247770641285455;1214.9274488527628
414;0.00027689932323145776;942.1391807008077
415;0.0008348762419531066;2700.3153864233386
416;0.00023062771757822897;822.9137465769589
417;0.0003031190256754182;1075.1071406644026
418;0.04865503437504867;157080.8351456781
419;0.00032044729396078493;1076.9021184506332
420;0.00041285647454144614;1389.451607411038
421;0.0002887890911411687;960.4321240578776
422;0.0002220505985564058;844.2236356223731
423;0.0005565917626116763;1793.6063392307667
424;0.0003055915526900323;1143.2119228007002
425;0.000324403769328798;1128.8888770720957
426;0.00023525950487275136;835.5974357823947
427;0.0002969414373578112;1132.6848240130657
428;0.000520983689643454;1803.4018013514396
429;0.0005056102072142075;1822.6174100684784
430;0.0003841139173235803;1184.123298531058
431;0.00047748290339727907;1545.4574984335927
432;0.00125020801854938;3932.702921306355
433;0.00023401816051707273;871.178196226491
434;0.0003984519494825272;1363.9952630789342
435;0.00037368651211283117;1229.8342853843421
436;0.00038579724962443745;1283.7671252611258
437;0.0003865107502886841;1406.4926519705025
438;0.00032203158604296553;1098.4626548439599
439;0.00031154137594253814;1206.3362414081844
440;0.0002666867401353241;953.2981010492351
441;0.0003402903387735437;1157.5229266180454
442;0.0003395496122689163;1096.867602379623
443;0.00029897365017606827;1127.409048535646
444;0.0003025344349653698;967.5903335652357
445;0.00023622179388636306;763.6958848847377
446;0.0002725217958185327;954.1514496695393
447;0.00022078863563299687;779.5976699963153
448;0.0003225977823386312;1054.5552182112626
449;0.0003170773827662941;1095.103207420084
450;0.00030780384820650687;1051.2127719870646
451;0.0008152129726613676;2650.2252069452634
452;0.0002925078737014128;986.847694282611
453;0.0003646228532855724;1272.185480582876
454;0.0002615409517831356;973.341805044829
455;0.000374242529008634;1269.0020329329254
456;0.00999524567125641;35197.07803154974
457;0.0003310097543565306;1185.2220852132527
458;0.000230012431276767;818.3699145371389
459;0.2154213005793391;752199.6577565272
460;0.0003810214433640291;1177.3746085320372
461;0.00021909450858192156;836.1194126529057
462;0.00025092121697936685;961.0750760866526
463;0.0005367959853489946;1930.797075224232
464;0.00029076117903537567;1091.8174181481536
465;0.0003383713312732437;1118.1211677057456
466;0.0008863192566971362;2783.0516114830093
467;0.0004603835142545574;1459.6181644894377
468;0.00020543292782024484;734.9918594313019
469;0.002135869558562379;6798.742050081038
470;0.00025032858330420883;801.216975105026
471;0.0003537684895670934;1270.0328758036212
472;0.000410807993018562;1240.2191732990436
473;0.0002296625080440473;862.8266235941041
474;0.0009498112060806206;3331.6747993476342
475;0.0003301254023483014;1154.9625825714343
476;0.0030917348403274128;9890.341643992919
477;0.0003303565439729347;1050.189085048044
478;0.0005337705134366026;1875.0098937616253
479;0.0011570399544970286;3792.2491832292912
480;0.0007605552667635802;2455.9145986815374
481;0.1000143458087551;307050.60748955456
482;0.00040379977960874615;1318.5294129109639
483;0.00038580196503818723;1311.232838124114
484;0.00031083172959843627;1065.2002828504392
485;0.000834473466887781;2875.455703593618
486;0.0010323806146913335;3362.4316070244786
487;0.00034887087560138094;1231.7285338083686
488;0.00017474998870851933;644.6385194817078
489;0.00045981685396003625;1553.9942711085016
490;0.0007859340813153463;2602.418627401367
491;0.00028512548969760983;1010.366237094681
492;0.0004370463390977897;1470.2351431462648
493;0.0003920468097240908;1371.7993546544171
494;0.000217954489688657;769.5235392745367
495;0.0012471901856617755;4013.245472442455
496;0.0002208380194999664;767.080028147207
497;0.0003128894110554496;1107.679210087252
498;0.0008939131664090174;2921.813886915405
499;0.0016270877214967386;5583.873222555785
500;0.00060158780578931;2095.127585807792
501;0.0004753602370326398;1402.8471490712018
502;0.0006164034777741903;2291.3080828663797
503;0.00037791418329749765;1404.6851157531096
504;0.0002796854162236961;905.5268585034219
505;0.0004935785833118565;1679.4028134015496
506;0.0003663775876328069;1404.894818967301
507;0.0011342093719472785;3763.3804755736096
508;0.0004305249753256628;1630.0407217766665
509;0.0006072008377937242;2003.1560193224072
510;0.00038246046892815607;1285.9072184995532
511;0.00042765922103964903;1377.9284964585856
512;0.00047570327681018215;1631.7190679235066
513;0.00024361585533349392;945.5430364116454
514;0.0003155144136471339;1149.8796398135792
515;0.00034078095142753913;1154.6873640350573
516;0.0005227257269146201;1890.9535282913232
517;0.000778507097312353;2435.6878683957166
518;0.00038177419270851205;1353.4984605116945
519;0.0002548655311294128;831.570307672178
520;0.00032614791928980643;1133.1275113674142
521;0.00035103300369936584;1231.8879118598381
522;0.000244381143937586;871.2497511219078
523;0.0005112823677491587;1812.696833162566
524;0.0001844266018118653;707.4529458553211
525;0.0005336026263243612;1877.4483708844605
526;0.000437943537812125;1392.9841378472113
527;0.0006093730621021015;1935.5475404823828
528;0.00027666413139381107;1040.1623014785648
529;0.00038819638928604285;1353.3071220694903
530;0.0007524829949722953;2514.023366711025
531;0.00023728586597981973;767.3460995378351
532;0.0006250778714867396;2106.9595479907384
533;0.0003570961906345142;1176.428778643429
534;0.0004865726378191235;1568.6134404115342
535;0.00034395745002869263;1187.9606747225814
536;0.0003686030953389364;1290.71372114656
537;0.00036363670157828237;1239.153907062462
538;0.0005542561492557285;1828.5507491394196
539;0.00022909768882581948;847.1391145526502
540;0.00025782363967926714;927.0074505626008
541;0.00031271196858648404;1020.3616572231919
542;0.013684004560854286;43980.73343151036
543;0.1956209381584685;634688.4065268785
544;0.0005354232225345114;1740.0541549653167
545;0.0002506216441072435;873.0071867392298
546;0.0014671439162926186;4647.702795379587
547;0.0003302017530900641;1089.3804959986335
548;0.0002931703481191778;971.5338007672617
549;0.0005779205019873105;2004.8878480947114
550;0.0004993869798708511;1562.3115486012484
551;0.0003834330072623093;1286.4725558665398
552;0.0002584422455926045;917.7952510857949
553;0.00047475858227786734;1558.354152068315
554;0.00032044452579345475;1040.5447219239352
555;0.00031020676745345755;1020.4025062295428
556;0.0012804714137648163;4283.156504959816
557;0.0002914956559115627;1002.4553231539128
558;0.00029081198903792066;924.8179340355391
559;0.0004876341369731476;1641.732007985034
560;0.0003953677719983636;1427.9807281215308
561;0.0005712625789093767;1875.9573971359432
562;0.00030353900916352196;1047.4912483392143
563;0.0008126320921903065;2795.4953521709667
564;0.0006215583791163002;2161.779560527389
565;0.02614870653650924;85313.849949827
566;0.00028946294239936535;993.4144583447198
567;0.0011828157262095936;4019.9376910951114
568;0.0003673428960826964;1186.0350894678093
569;0.00029175477282064914;1002.1990521968092
570;0.0012141608720702152;3820.3983228246348
571;0.08989504141319332;273060.4768200716
572;0.0002569771290777105;874.7580983067824
573;0.0005116014483052085;1659.5842406167667
574;0.00047937677758018893;1495.827777874473
575;0.0003278940250551222;1193.3156103272725
576;0.0007202997535187292;2377.713791913795
577;0.0003220301425663761;1043.2725431007718
578;0.0001938197681471742;759.7038355622508
579;0.00020534666158712595;749.871730044317
580;0.0012952734180340343;4423.113348654068
581;0.000617131795362153;2009.684068488467
582;0.0003649413576333423;1280.1170401071831
583;0.00024493230743368675;897.1015597321406
584;0.0004444148019150651;1507.9623283567794
585;0.00046818544422786264;1551.2318541675347
586;0.0002706444475437825;904.2396466882947
587;0.0008782732434640737;2887.5212192705567
588;0.00047419531217861814;1651.0392531410366
589;0.0002967325606634391;1032.4036937640317
590;0.0006563158044924785;2251.79642841878
591;0.0019192334858190046;6157.279611160913
592;0.0006309368641200605;2007.2052305468744
593;0.00033261416631350194;1141.3716843945206
594;0.00034048217364415984;1124.9893783736552
595;0.0005052423101055541;1634.8894342948242
596;0.0002672837726070021;972.5417670657582
597;0.0002110715581135484;779.6040176489582
598;0.0020544787980628872;6931.992593399947
599;0.0005337000966774399;1877.4776065819294
600;0.0004485559255618897;1491.3228206056
601;0.0005398773928475094;1785.264776476184
602;0.000867393826571209;2735.466984945096
603;0.00022096741755458225;868.5240205014358
604;0.00017827135134139687;672.5295999538204
605;0.00044704980962550394;1420.8189360551262
606;0.0002858706378056852;1005.4577929230642
607;0.000370441362848145;1207.0355068874235
608;0.00025441903402227087;903.1366025982928
609;0.00027509088329105995;1003.8677867297641
610;0.000370459214911145;1246.5314190661825
611;0.0006555302422646682;2139.1019454752764
612;0.0007838420495418812;2686.234700972137
613;0.00019334717236716017;757.0686081175131
614;0.000581739840036434;1797.1075011240177
615;0.0003261084398059001;1067.0049879281114
616;0.0021824114695626405;7092.156888475786
617;0.0004689395999759329;1585.4948082001752
618;0.0003643148629280323;1188.8637774812573
619;0.00035765231857771545;1255.6921138837106
620;0.08593673953409992;283367.83850863395
621;0.0003939097846989513;1407.2593752003395
622;0.00035749674197438103;1260.4312719329862
623;0.00035440565413875273;1344.6657576726302
624;0.00034098685668175255;1264.1712339259727
625;0.00019968144839220745;727.3290339803267
626;0.0003358135144016261;1238.7539857146
627;0.00040039654859157177;1376.3981539463603
628;0.0003159197839267973;1107.3211533178862
629;0.0008136177548308038;2685.0379465341875
630;0.00036789098006918174;1377.4586104572081
631;0.0004483986904113432;1475.8361239807466
632;0.00048129592401561003;1496.5381449586469
633;0.0002990129924842616;1038.957593499108
634;0.002174134140842105;7223.676101606521
635;0.00042560808940748566;1554.0240645232352
636;0.00039412409129669046;1294.1701186376044
637;0.0005056920673450115;1891.5578730706036
638;0.00037713654056649557;1365.578599316905
639;0.00032135039876319177;1124.6059738069703
640;0.00038258100485330786;1250.7624129100384
641;0.0003167792322950929;1149.680082675825
642;0.00047960868447607274;1578.3222074244006
643;0.0004439487647338079;1459.5435396013531
644;0.00025827145775407176;996.4790900541631
645;0.0010452143658403812;3247.1596800765396
646;0.00033098625441926974;1158.6596878079085
647;0.00028443605345591715;972.9109033672685
648;0.0013823877250305739;4492.64674444095
649;0.00032879991600204126;1140.744052954769
650;0.00034280224506727145;1199.452372385357
651;0.00020004686554226454;799.3928211834833
652;0.000319997655730704;1112.181666548644
653;0.00034077575725529935;1208.6880038758245
654;0.0005392427537178415;1925.7952393865794
655;0.00027190708077535683;871.0361718077578
656;0.00031518085545468384;1030.4049732442345
657;0.000494119097321559;1755.3869158004243
658;0.00026531308228607307;930.1038580532262
659;0.0003011880358715646;998.0979093320047
660;0.0003196549646344308;1107.7837300944402
661;0.0009588047891337098;3235.493077590559
662;0.00028652722794383526;945.2421303973857
663;0.00034403282926587193;1132.800931875627
664;0.0005373024619478012;1862.4223752862185
665;0.00033379731275980524;1155.6099221746622
666;0.0004148593140513476;1316.2505455878243
667;0.00043734736912735996;1329.389518797668
668;0.0005796215250014042;1922.7838841091536
669;0.0008039487516074233;2765.9381676668318
670;0.0004388862328364297;1432.3802312968937
671;0.0003603497115453247;1312.2338298586271
672;0.0003582650598662741;1256.793296574577
673;0.0010257143414621975;3418.1286912823402
674;0.0001542549038525172;584.7880693101037
675;0.0002445468112406862;943.8365244592791
676;0.0051538754458228106;16056.38563332506
677;0.00034169787547305323;1140.6066493479425
678;0.00039874468297302495;1406.377658153477
679;0.00028898728847628067;1063.3453779161919
680;0.0005347486565559561;1826.6236889045058
681;0.00044479013202287324;1512.6265710683726
682;0.00034647266043666354;1105.7918037872716
683;0.0004206223703203697;1405.0493932276615
684;0.009886176567435935;32058.192660453224
685;0.0004410431600407173;1465.7187266836054
686;0.0005017863055129174;1756.3902995554517
687;0.0012685279070416176;4327.370505339489
688;0.0002865657897829993;1028.357249496391
689;0.0002432817971015568;891.3058074931786
690;0.00030928926823359134;1118.2800345618575
691;0.19805435929675277;656225.9551444317
692;1.1738117418216358;4016753.0216637887
693;0.0005848287384180918;1842.8939607792306
694;0.0003339858235212291;1118.7013612720868
695;0.00026653230427058647;892.3749724430581
696;0.0007636319345814323;2527.130311359962
697;0.0033961377715124494;10924.312564769247
698;0.0004695289382644114;1602.9499698315824
699;0.0005756156845872168;2000.6305918000635
700;0.0005645128920442401;1893.2910555121239
701;0.0003645915939407784;1236.2240607265348
702;0.0003377014517593125;1264.0390260691702
703;0.0003413388076717547;1191.4743786946988
704;0.0003834125847754541;1207.329187402746
705;0.10094596559127252;318363.7374183211
706;0.0002833717440860817;935.2645158476186
707;0.00029371905426609396;1030.304570753174
708;0.00015650077752598152;646.7557393109395
709;0.0009146247255027183;3049.7520291619753
710;0.0002573094157233538;876.0110323626355
711;0.00036066033043331163;1202.955406763012
712;0.0003467969327806825;1197.3007536693183
713;0.0003512312623858838;1210.773287358832
714;0.00022321875488866331;802.029211632426
715;0.00030761896105079885;1094.7241001334437
716;0.001347120648956017;4570.312293430217
717;0.00042355809743548556;1489.4828915315259
718;0.00041214328216330684;1382.036444122801
719;0.0002566508626240108;918.516014429468
720;0.00025419181939862417;884.479029437476
721;0.00026296312904874343;928.8120754190915
722;0.00026313457898470593;897.2854899645362
723;0.0010287596256746342;3295.5138833383603
724;0.00057037168402646;1968.6538629873362
725;0.0010630768411716252;3465.4945788497043
726;0.0005051776685628819;1790.35565377322
727;0.00033959915179271793;1201.9238556952132
728;0.0002352820488837534;820.1609038868241
729;0.0002730698106687141;1052.830581984445
730;0.0004047434732904709;1345.0769416132778
731;0.0002360868603404165;798.0902208065079
732;0.000447010201255691;1526.3249899076393
733;0.0005475241961470413;1786.1812571476414
734;0.00022995112176133208;829.9901644104515
735;0.0011378352045977322;4031.5407626370306
736;0.0009713817759257584;3041.804337891029
737;0.0006391638120085426;2100.3710643436466
738;0.00043467851814166193;1486.089516421944
739;0.00024941295185161875;964.9150720240896
740;0.00024138470032784723;860.4990880714842
741;0.0006840735521376902;2137.220339580127
742;0.0003508403470691066;1207.808987172172
743;0.00040733164432459485;1458.9635061694357
744;0.0004653971331217302;1521.4090673691753
745;0.0009205192630714715;3230.846066258703
746;0.00020322308223683698;778.8077432641234
747;0.00020743686659466769;709.5154582572081
748;0.0007124415368749469;2608.980396063079
749;0.00021583818399133043;749.0087209352868
750;0.0016120220059419555;5513.818660989484
751;0.0004996800282757494;1834.55502631047
752;0.00037178994311671344;1313.7545825790253
753;0.000198213031545021;709.4210078925627
754;0.00040820187906091327;1302.6093960296778
755;0.0004538264925325134;1587.186037476355
756;0.0014293008676001633;4922.206062809029
757;0.0003594356377557269;1191.0571724382971
758;0.0786220405240151;257504.7894946343
759;0.00019093320934645;694.4973735522453
760;0.0006076002031969001;2090.467202934474
761;0.0002963983372179597;1049.0961022829122
762;0.0002618240953829793;913.9197579660198
763;0.0004638553188604076;1693.8131130443899
764;0.00031656242054934177;1044.0524605597343
765;0.00047968087544892886;1672.1928709019858
766;0.00040182366528205627;1279.4276742820387
767;0.00020985874116922606;738.8916373516902
768;0.001496294968214638;5048.926099183566
769;0.0019214031198039117;6098.798381715346
770;0.00021147223726201408;747.8660487658697
771;0.0002491424035203564;849.4837525520986
772;0.0007201235122024051;2503.4688474865193
773;0.0003854932714459976;1320.724781553611
774;0.00011833997530975634;499.06045774746156
775;0.00024053425539334188;869.1268968175557
776;0.0003175525282511716;1100.83514557905
777;0.0004814135211313939;1725.8416079678157
778;0.00028701884351369763;931.1361864228528
779;0.00043275835269169973;1508.5565691018146
780;0.0011114951308339163;3712.633996038318
781;0.0003444870485071759;1223.8133022205698
782;0.00034736859559382797;1285.546938342961
783;0.00034722816399022623;1154.8789626206799
784;0.0005518912563088784;1858.5063255750115
785;0.0009137599151471813;2967.9400442181736
786;0.002350220616994542;7853.32415864782
787;0.0005342131542713646;1843.6512349784232
788;0.0009526296812692495;3142.874789995595
789;0.0005995867327310892;2025.4579003382237
790;0.0004117917549587888;1582.9378157910721
791;0.0005259835671051351;1808.3085465038478
792;0.00044148897059309827;1485.2379833166383
793;0.0005069555993581881;1831.6816013317898
794;0.00036772848280755387;1159.7326738171096
795;0.00030910363670102586;1180.1598786380905
796;0.00033885350928840893;1100.373793310689
797;0.001608800091643396;5019.63016445418
798;0.0008242917598195019;2843.6636237117896
799;0.00048425539523397744;1566.5279451217878
800;0.0005258642255022837;1856.9805501590195
801;0.00025190994013058355;893.0424044580636
802;0.000504061846465056;1617.8380247049122
803;0.0004874333877105609;1564.48141658644
804;0.0005450581802519834;1815.0093381440875
805;0.0008008610749252063;2647.1474386471377
806;0.0003786937742404799;1227.1464663574477
807;0.00035776925957625125;1221.310498499874
808;0.00027822801662604374;995.6201197852021
809;0.00025809698857021086;849.9526207361187
810;0.0005137047069744297;1710.7723981298616
811;0.00033322010325832156;1144.3963030550099
812;0.0005292419136868094;1843.0912820013687
813;0.00023994523875250933;847.216492640311
814;0.00036162484190739146;1318.3195672913453
815;0.00030043946477213007;1055.6624500462044
816;0.0003544118744460411;1116.046039733101
817;0.00040814014935580515;1425.0021003035063
818;0.00046113193778102876;1511.989494615545
819;0.000488576635189825;1659.2321409635392
820;0.00037949401636618946;1336.303775023891
821;0.0003868267569424399;1247.3946171450443
822;0.0002712385424190552;1002.3975084938164
823;0.0003910209677411465;1277.581685977325
824;0.00036586026655103225;1241.2249818957678
825;0.4569840198108672;1460339.0387123972
826;0.00062750478065729;2138.028287217037
827;0.0005108612619083801;1867.1189594444684
828;0.0003141532785723369;1077.1838440143295
829;0.0002863461400347685;969.6640732949986
830;0.0005394469681911962;1857.3197128929849
831;0.0004072436432633615;1433.5587995757
832;0.0006906247973945463;2315.3277510505677
833;0.00038833645293571864;1365.3152687654524
834;0.0004545070959342079;1511.0917823085908
835;0.00042992441015417504;1328.9163887679742
836;0.00030684826049435723;1019.4612410238299
837;0.000448042122542679;1443.7327162067406
838;0.0006329022640791715;2230.266832481263
839;0.0004655089319350501;1695.054323069922
840;0.00028588224414307923;1091.5475866587146
841;0.00026149522003733817;964.04757114595
842;0.0003211958955743365;1048.3216223084032
843;0.00028303860095842343;1021.9169378687308
844;0.0015679324089792838;5195.862788708933
845;0.00021861337729847037;786.5413010804818
846;0.00019762233335166918;713.5194947259002
847;0.00027354046888872354;1022.8507614824016
848;0.0005385665793694666;1794.980788308317
849;0.0003694947194563462;1191.9236203764217
850;0.0008748029892339921;2985.9515280695828
851;0.0004583967032839385;1556.629534980298
852;0.001523632023943274;5136.846636186751
853;0.0005000703668976398;1742.4591355167381
854;0.00020243987578468336;798.4900759912754
855;0.0007831463771521475;2712.8387555198915
856;0.0004143413922137326;1426.3456615364164
857;0.0003502739233049271;1158.044343039464
858;0.0002713821694001079;944.479966903277
859;0.00025180346248980615;885.5049607357336
860;0.0007011994952165765;2349.4281001732274
861;0.0003055296458645841;1035.4210990876886
862;0.0002613945538265433;888.3582771364108
863;0.00047873006151608814;1710.8200969405882
864;0.0002739652440266758;1012.7431013189604
865;0.0002555460620104099;901.6089981103705
866;0.00041767918358804506;1366.3806979262436
867;0.00049467259605534;1739.0504286027422
868;0.00040091806486481095;1329.8518157650099
869;0.00022613828453771847;861.377935965758
870;0.0002778615379561735;1029.6747387283272
871;0.0011609331363638745;3677.992440056006
872;0.00032267969302308573;1132.1801723639433
873;0.0005106908007147874;1612.0384174784635
874;0.0007124619668552603;2542.951956968974
875;0.0008071155430289183;2730.828967741443
876;0.00032662209874818936;1228.8343062573613
877;0.00035653871557188847;1203.6512669051772
878;0.000507547438525673;1854.167551323289
879;0.0007345429008049889;2461.646884633198
880;0.00048196973626788;1603.6649505932526
881;0.0003407141160960048;1194.7877031127389
882;0.0005183190922604315;1716.0573053609846
883;0.0003008095311402431;1075.1290276936577
884;0.0009686929760028964;3271.236988890472
885;0.0002809368170250997;984.582750404394
886;0.00038693719494674295;1297.7430058062948
887;0.0019266252065368804;6062.229896667909
888;0.0002786567690336286;1034.1308470470522
889;0.0006548586903977382;2126.296316976474
890;0.0006574227227151364;2258.5476739820433
891;0.0002788329556636576;1029.7905344370947
892;0.00039993422874544767;1290.9550465815144
893;0.0003258822971443102;1142.6655430546937
894;0.0002447235945012346;838.9702981431188
895;0.0001602665597730929;546.7652319063923
896;0.00028830010601381173;1050.8556428253332
897;0.00033675390020588723;1099.7392255284267
898;0.0003207992759263689;1113.0033398466044
899;0.000656554378381183;2019.1825592555333
900;0.000651547426913897;2161.9091184164004
901;0.0002485413854551453;845.9977752481651
902;0.00030688850956020377;1116.6958387869581
903;0.0002780160364293378;1007.5855102392156
904;0.00025568369520856166;928.6642321658284
905;0.0002585172204140474;932.7321239621436
906;0.00048280731382335947;1511.3750589487472
907;0.0002969453218065594;1116.6022855324948
908;0.0002335215892350024;851.0926353106497
909;0.0002475053996343239;888.9116577898435
910;0.00034141868162299363;1264.4834760695542
911;0.00028858402662853026;1049.535856259338
912;0.000496815863467822;1661.9119935358278
913;0.04146473054651361;133753.0343553587
914;0.0005834550161395617;1945.029641663487
915;0.00040329285800508715;1453.6270037518175
916;0.0003589161784570569;1241.4540823664825
917;0.00027721292321253305;980.9451881416115
918;0.23302890433234252;718908.2735358248
919;0.0008165490365289939;2640.0911194778464
920;0.0006909489567045248;2382.7275937257286
921;0.00028757936888898326;1094.8730935403503
922;0.00023412688939500968;788.9008124799776
923;0.000554126449423555;1914.9892745756556
924;0.0003925828763723627;1334.612330846095
925;0.0006226557505156803;2067.5662305847
926;0.0003522769519700964;1160.0245136305207
927;0.0004332716774576109;1512.4048839204704
928;0.0003853123670926178;1227.1436005975618
929;0.0004036563664274479;1433.5951262208928
930;0.00024411755237892715;839.1577676981899
931;0.000314009659939257;1053.2956124336197
932;0.00020107681044755885;688.6616860335888
933;0.00035769012040462483;1195.3742068007252
934;0.00025520572917526617;922.8141170094556
935;0.0003605670367899901;1271.1066459016233
936;0.0005042772803843234;1767.350912480848
937;0.0003731674612620122;1259.0442086903504
938;0.0003159583743766844;1070.6362418431045
939;0.0003463227101739559;1262.2471215888236
940;0.0002240388975531489;833.6712999583849
941;0.0003085453042349377;1136.302685779251
942;0.0004562067478609123;1500.7513355875233
943;0.00053031008152551;1859.9583735279102
944;0.00020648768652616186;783.4361565906315
945;0.0002823490121712517;1060.423235605371
946;0.0003525411919147098;1223.5562165313966
947;0.0030907601212381754;9896.78674317652
948;0.0006333715229361796;1927.7606324273677
949;0.00035105195807525624;1163.8999171906344
950;0.00041809128793070016;1362.6102998331357
951;0.0002875520000137215;1002.7542065767736
952;0.0004266845962673538;1445.4852403225004
953;0.0002762300962994212;988.1634396728558
954;0.0002707837905372382;942.8557888162109
955;0.0004891946814879595;1573.195014799124
956;0.00039395022787936166;1363.0110345731728
957;0.0003574740893083565;1322.562350546191
958;0.0006703088575749474;2188.4621194288025
959;0.00029254456888117274;1030.7979905254822
960;0.0002791492219328694;994.7494749593391
961;0.00029376081944729356;981.9987976384376
962;0.0005711468162743438;1934.487494041388
963;0.0003703549634237601;1309.3717081506763
964;0.0003247556321192631;1174.9232254859626
965;0.00041556045530152856;1341.0260559174806
966;0.0006216933028423345;1990.5982250115153
967;0.00027569433378509233;1003.4642169425048
968;0.0007873620175237631;2598.755164009825
969;0.0006284095563251132;2115.988815297335
970;0.0006053314677318229;1941.9723037052734
971;0.00036531499809743466;1151.6322563924912
972;0.0005167835037832474;1774.613319078754
973;0.00043095053885508895;1380.711288611872
974;0.0005164597215985135;1783.0460963291093
975;0.00040341259630436935;1390.3311114833912
976;0.0002143256998746969;834.0949937510965
977;0.0002611136134134521;881.9521460242255
978;0.0004462478827563874;1524.1578007561668
979;0.0006768563517842794;2297.2687051153202
980;0.0005339315578575435;1664.7795887944753
981;0.00039126601606536944;1428.598278983804
982;0.0002818205948082242;1003.8614919507875
983;0.0004254824658017944;1353.616421991571
984;0.0019063617691717721;6173.386252244474
985;0.00023146278742493798;876.9475379011742
986;0.00035658329137553806;1266.844592691976
987;0.0004651666564645969;1634.518269092349
988;0.0012325249140446724;4374.768610664508
989;0.00044456896416488763;1440.4265032385078
990;0.0008236017783933465;2730.2551690887494
991;0.0006213963439369821;2216.6472882417665
992;0.0006016030130412348;1998.9914621930848
993;0.0002932396085338716;1076.7050610309616
994;0.0008406018743343678;2649.565384794167
995;0.00025324864242586915;838.9652307276054
996;0.00023476255906645105;872.3640810372948
997;0.0003322055445769712;1143.088842801998
998;0.00028687629592316513;1040.126107747964
999;0.0006290358366207726;2155.193089513775
1000;0.0005105171248819208;1780.6698578222015
1001;0.0010735273095564242;3679.408761486887
1002;0.0007327319154490494;2605.595962667499
1003;0.00047219180963506874;1643.1201070443446
1004;0.0004688902051192773;1606.2745362970736
1005;0.0006689565207708918;2131.4987534293214
1006;0.00040978286652580226;1399.0283378068223
1007;0.00029313242815411344;1019.5571013804563
1008;0.0002666273215829508;908.2274363503826
1009;0.00038379152476017187;1351.9312050203384
1010;0.000450261662405858;1643.9500426943944
1011;0.000352351887314149;1082.0346791533996
1012;0.00023824760823484847;861.5369848668496
1013;0.0006852459840564901;2323.7448004122584
1014;0.0002533109529803655;854.8751733225477
1015;0.00032968385607937074;1166.4674054478066
1016;0.00023925698844284193;853.9752517308708
1017;0.0008019358385417138;2795.074583021806
1018;0.0004339774199876764;1462.4354496662174
1019;0.00020443599488397272;772.1099692077847
1020;0.0005726333427323651;1874.419179200908
1021;0.00025703221301814124;938.9426185033218
1022;0.0010081591383293577;2928.466353533775
1023;0.00040604977920925524;1424.2022140113997
1024;0.0003168435200369038;1168.5447246551473
1025;0.0005084525667985673;1599.4170184950667
1026;0.0003803995954308017;1298.4907854256223
1027;0.0003353179936552181;1058.194798884528
1028;0.000472343462641189;1526.986270011094
1029;0.00036880022480291177;1176.6283305859638
1030;0.00033721652444576643;1220.223331192666
1031;0.0002908261026645705;1012.8906536373092
1032;0.00037946476463704854;1337.0036319779795
1033;0.0004496928381095449;1438.2802325457062
1034;0.0003538228517644913;1205.5412310989407
1035;0.0003468493568236848;1135.9061266660046
1036;0.0005918940320938359;1981.247645475601
1037;0.0003631661436622277;1278.2361879134887
1038;0.0005328647683542146;1933.478553352935
1039;0.0003213616127553412;1179.477990008163
1040;0.00040417946198000824;1426.0783740195143
1041;0.0004922861218114517;1749.9265674065039
1042;0.0003422396764588395;1235.7164240527788
1043;0.0007648513912891869;2636.7806259906006
1044;0.000903153452505984;3111.3301896134767
1045;0.0007120448573062058;2348.9121500068304
1046;0.00027901706497604435;1032.5366777462134
1047;0.0005270185723654155;1767.3959579619225
1048;0.000505712279517598;1647.0042415289242
1049;0.0005308797738591965;1680.550548834219
1050;0.000604791118218048;1993.1175126519238
1051;0.00031312544174082657;1174.121573557371
1052;0.00040855831490009683;1450.2675013023334
1053;0.00021881368295293614;749.2210819903337
1054;0.0005892535602093112;2035.810065042365
1055;0.0009155677969795567;2941.5538599443457
1056;0.00039056696536332526;1345.1992732499289
1057;0.00025201397446090253;949.1127934973479
1058;0.00034151432262620235;1158.3438447101798
1059;0.00040317372594020275;1375.9089179710672
1060;0.0002309338562676731;853.2474121177898
1061;0.00029614455773955325;1079.718622922004
1062;0.0001727401198663628;643.4878005047129
1063;0.00029211875369275286;1069.0248808322174
1064;0.000368591502859356;1209.6622698629997
1065;0.00032738715007426595;1111.8657848795904
1066;0.0005160170668691139;1881.9141139019434
1067;0.000251608108350423;917.8283264430357
1068;0.0007555303253354628;2551.628818652806
1069;0.0003880353797360438;1250.8764587784133
1070;0.00033024767805097467;1119.2811192421455
1071;0.010124578177762907;34560.551806357726
1072;0.029075643974960635;92265.20810449176
1073;0.0002667307378425679;1058.5617336810928
1074;0.029693203083491607;92945.51231472714
1075;0.00030369315154742;1002.9617938303815
1076;0.0002774157831890801;990.5853440102435
1077;0.00047992171547246346;1677.602478487808
1078;0.000468587999594192;1576.675415259844
1079;0.00043289688116204404;1396.8285262966058
1080;0.00023046532911190698;846.2630729819348
1081;0.0014534358813091818;4452.188587822338
1082;0.00039667174588409594;1356.9693027499914
1083;0.0036850094855888503;11981.036435323485
1084;0.00031864477285434056;1094.346170437126
1085;0.00048870107896529;1721.7138226393226
1086;0.00028637943343742567;1091.1701475242046
1087;0.0002748580892885765;949.9067120564998
1088;0.0005034403166619159;1770.8231241723402
1089;0.0005938948547989841;1824.262367185707
1090;0.0004637463220529647;1631.423421815258
1091;0.0003795691052517522;1360.5387968560626
1092;0.0002738864687945412;916.8452503202703
1093;0.0009574024192467592;2880.7377823072597
1094;0.0004836906404388502;1624.682105077625
1095;0.00018448186746622538;620.10700009378
1096;0.021879674306705416;66549.28081146887
1097;0.0003835107323591522;1247.434084321868
1098;0.00032152081510431336;1103.303931768207
1099;0.0004078592174230661;1448.0897235740322
1100;0.00041191377270234614;1459.5065460436642
1101;0.0004032767951796988;1513.034711678113
1102;0.000320236818205796;1059.8359931988866
1103;0.00025355692522256365;928.5356274036149
1104;0.0005964422389029326;1969.826066521665
1105;0.005466493273459924;16185.252463525749
1106;0.1849300352510079;630421.184845886
1107;0.025477180086964382;78585.31669079707
1108;0.0006220753613136313;1994.680593733533
1109;0.0007881054946780796;2435.303737059591
1110;0.0005029977027454641;1626.4953013294387
1111;0.0004181005461728098;1535.2604885581688
1112;0.0002149804740394323;715.9423531615122
1113;0.0010241621380380874;3504.9491357796833
1114;0.000305509124152093;1170.8669150051337
1115;0.00023757697147559396;782.1255530187686
1116;0.00044223823967019045;1504.29326047781
1117;0.0006115774995003458;2065.3851249725767
1118;0.0003991205417170106;1299.9496244743136
1119;0.00028651347258159117;935.0646852736824
1120;0.0005582681144198916;1959.0118997900813
1121;0.00016034474859917246;637.2127743639235
1122;0.005899001234711423;19574.123955748582
1123;0.0002857793089109887;919.1678831672326
1124;0.002170852465918268;6961.474119370108
1125;0.00039517394698586507;1414.4429606122792
1126;0.0002948442883250909;1124.0457549302666
1127;0.0007422054190702117;2402.394783849688
1128;0.0004758026172044975;1562.7992774718773
1129;0.00019511848552303414;803.3207586078069
1130;0.00045764817462060997;1596.8033787916027
1131;0.00026391802204001513;944.196242227194
1132;0.00036115354564321563;1178.5521852442344
1133;0.0007721486851710133;2577.5382361598963
1134;0.12648574927957826;398750.8572714845
1135;0.0002868188762081029;999.3786382625731
1136;0.0003163276529304231;1142.0860085116806
1137;0.0007095500423920287;2434.62165340081
1138;0.0007536866280877852;2676.5501864988023
1139;0.0004952307067033287;1594.7418886665089
1140;0.0005071099395007261;1700.7163456532992
1141;0.00030039535863309887;1052.1082119540408
1142;0.00028494695545216704;1027.5595861795052
1143;0.0002901253523970301;957.8696426472519
1144;0.00018785141534287498;707.1420085054294
1145;0.0004967508659418396;1760.4321064697706
1146;0.00026850054170336844;986.9997137805652
1147;0.00033985489812112196;1125.4415400115672
1148;0.015105929335820029;45445.26415886958
1149;0.00034952070047627396;1136.4785051752376
1150;0.0005503813063951258;1805.782021614728
1151;0.0016017590149320674;5085.376028526743
1152;0.0015045257937820126;4936.450801681953
1153;0.0003291950219706654;1047.2162387707026
1154;0.0014182136558740348;4894.215982927857
1155;0.0012893732961066367;4119.047985748582
1156;0.0008325274279040934;2759.136789590191
1157;0.00038439360953962154;1257.8203362792433
1158;0.0007573175874831678;2531.194957962561
1159;0.0006733542022537363;2334.079258384222
1160;0.00020910141312747692;800.3510187779023
1161;0.0004596503308732565;1547.1912911476395
1162;0.0004987285450413167;1689.4969542957904
1163;0.00044393786560668636;1587.1245294186103
1164;0.0005060376320766095;1752.6672216981256
1165;0.0003286950104491402;1124.1839700622734
1166;0.0009135551878053378;2999.5341206920807
1167;0.0006035749793134284;2136.4457076731037
1168;0.0027921538234046213;8508.063473807426
1169;0.00038027768171108173;1271.5284292967308
1170;0.0006933639361356256;2289.1862802355918
1171;0.00012461976586522282;452.24419950378694
1172;0.0003490583290784328;1222.8594112980825
1173;0.00026974336943054016;866.1233791229068
1174;0.0050451676717085045;17086.69078006461
1175;0.00037558442026548115;1243.4033642354573
1176;0.001150231967728511;3981.0654917238403
1177;0.0002716906831376753;932.533927571793
1178;0.00044424364995501714;1619.821652410303
1179;0.0001773170716290979;692.5546976219367
1180;0.00021500376576530367;753.3840438500295
1181;0.0002813014932849899;985.4096853774304
1182;0.0003942830634604203;1435.4007243931112
1183;0.00043309156581618615;1446.8150259543584
1184;0.0010983168660913287;3455.4055284984856
1185;0.00034730683221471925;1172.3284225766665
1186;0.0004179072199311718;1424.410425845381
1187;0.000578852402693961;1815.4391783950987
1188;0.0002494388301896621;882.0804773784873
1189;0.0006630859316953681;2228.6840603159435
1190;0.0004025721935227581;1406.3443819404702
1191;0.0004462904443312502;1525.9660711977533
1192;0.0020328921433697728;6066.260124174319
1193;0.00028386514479519575;1020.9355016559534
1194;0.00029407564603960927;1089.531878020054
1195;0.0004874782228267538;1749.9033176133696
1196;0.0002651899105687676;939.2519383017757
1197;0.00038514148806880394;1247.9886404615193
1198;0.00038263043233744564;1355.584729681213
1199;0.0008353504832686389;2818.560653119343
1200;0.00030750866284845056;1086.2206594538347
1201;0.0003190703568439113;1171.2234598806863
1202;0.0002145541830034304;771.0423684697272
1203;0.0006446461918573733;2204.665435415368
1204;0.0004848800215952677;1504.3845026036001
1205;0.0002816088665384078;984.66252818228
1206;0.0003938641653380247;1260.8410308564596
1207;0.000388989196542976;1320.3486028735438
1208;0.0002818129576404907;1009.6195123236607
1209;0.0009256825006942011;3210.279135899047
1210;0.0004021035785292405;1236.2323855646878
1211;0.0002678328047031843;988.2760901139105
1212;0.00036355776229580463;1203.872285960076
1213;0.0002743310202194021;979.6405117892257
1214;0.0006404677566275328;2117.250267066262
1215;0.00043318513266034586;1469.3351849856986
1216;0.00040524491040246405;1438.5314151286038
1217;0.0006915633849126633;2385.4473658117768
1218;0.0002535361586850068;910.4829944149747
1219;0.006695783711401002;20272.74121049809
1220;0.0003990009295386511;1341.1049990402187
1221;0.0003106245844501382;1077.811820779356
1222;0.00029691410652274723;954.3677537416888
1223;0.0007093102555417918;2378.786546140101
1224;0.00035584485220255447;1248.1423852953744
1225;0.3126631198298338;1013002.505914508
1226;0.0003287128014716441;1116.985689990469
1227;0.0004761616143350996;1629.2469750526045
1228;0.0003353466738987313;1169.4423998332843
1229;0.000300544397108171;1077.765448051807
1230;0.00021105285358913588;829.534942692285
1231;0.00037379580379812773;1322.7780833787292
1232;0.0020192146624331514;6681.903125530063
1233;0.0005966199693755406;1994.7827899658973
1234;0.00023045945709635265;888.9411451015154
1235;0.0005511324785776968;1924.3356061180468
1236;0.0008171676934002948;2604.7287240734568
1237;0.0004309251998928161;1461.0477026828394
1238;0.000289829649396569;1054.2440296406526
1239;0.0004746037711435306;1611.4372630887942
1240;0.0005042482244624374;1605.6490947345474
1241;0.0002764748597371185;986.1716341624033
1242;0.0020691715460658916;6858.70067702114
1243;0.0014719374405048244;4629.313384717075
1244;0.0008128916234905387;2909.751605205507
1245;0.00030136174110067073;919.9851553385258
1246;0.0006759336998199482;2167.1730916204087
1247;0.0004511455317410715;1526.7378766467332
1248;0.0007361601165632414;2472.2690512115423
1249;0.00031851993768880444;1011.2905379635399
1250;0.0005187866283141236;1750.9678294161235
1251;0.0004285355098258141;1451.4907271986467
1252;0.000439506968756898;1484.4907641725965
1253;0.0002761032358647735;1039.9354403544198
1254;0.00043683024481012;1376.060372303632
1255;0.0012847820562065034;4209.3634157655315
1256;0.00028472949483270373;1030.3548858013569
1257;0.0005864430198742737;1917.133016843608
1258;0.0003114332128997055;1048.043454049329
1259;0.0002512198235910408;943.6147311056941
1260;0.00028726519012012936;1019.2746958193727
1261;0.0005500777139226074;1751.8127275363643
1262;0.00030134756696660863;1141.6087082164943
1263;0.00029007250195370603;963.250537720834
1264;0.010282573187694951;36206.61284288944
1265;0.0003705508790061297;1333.6175447329192
1266;0.0005347220594216003;1779.1131396219641
1267;0.0003551449342024006;1237.6217619015033
1268;0.0002952683568146537;1001.4011964327291
1269;0.0006789416767659282;2065.0961277461934
1270;0.0004460085656425707;1674.8860120991353
1271;0.4037294363417955;1384167.1648061806
1272;0.00031326760801639417;1031.527307485942
1273;0.000788977409225527;2655.766163572741
1274;0.0002756478411114214;956.2929949096366
1275;0.0005279645221385127;1750.4717031836508
1276;0.0005821495563893335;1942.1459319892676
1277;0.00025921465706314235;994.0791649733159
1278;0.0002868324681175681;998.0190705118786
1279;0.00026662776923902493;984.4775215043975
1280;0.0003937787960630456;1361.8122604260072
1281;0.0006233256997646732;1996.43434917868
1282;0.0001953074656689291;774.9802254113757
1283;0.0002509088629318666;965.710696308176
1284;0.0009645604806511624;3560.2525383942307
1285;0.00043450009362573584;1340.83415087736
1286;0.00024361501831244846;901.0289305826589
1287;0.0006332126444686167;2232.950933127365
1288;0.0006004726295190774;1849.1798836539056
1289;0.0004112282988061299;1480.4800753198251
1290;0.01442813913214391;44081.07438153139
1291;0.0005522718260820573;1886.416573198921
1292;0.00029423708424596083;1056.4387272322624
1293;0.0003383929118753768;1199.3717864695927
1294;0.0002999389240685588;1058.170388429631
1295;0.00033511715342284985;1153.2044602503256
1296;0.00036854229891884234;1263.8649083289156
1297;0.00041448053526528864;1442.3726409448748
1298;0.00048281869925127557;1606.4318038752504
1299;0.0002485922339338202;847.2678472481932
1300;0.0007261799045899047;2432.986808341149
1301;0.00032149753759022837;1112.4941159121395
1302;0.00045450085169507735;1505.6948906027424
1303;0.00029014663274439233;899.9370197064848
1304;0.0003577974131607665;1262.5641340678494
1305;0.0003124050478332306;1131.271301756114
1306;0.0003410976575860043;1061.207531730807
1307;0.0004143873462800122;1401.9179880970917
1308;0.0006116054103803702;2027.7593600670086
1309;0.0005788549055165131;1949.1487994357735
1310;0.00027584431324621057;1126.6291086938836
1311;0.0003168629682146897;1134.4279097525518
1312;0.0002044875713458896;801.9593601431125
1313;0.0002686072325083232;960.3412966571108
1314;0.0004949473682741088;1633.1512866214277
1315;0.00030308488965325445;1148.8103854365438
1316;0.00023002922072309876;801.6392707077956
1317;0.00044286262881381415;1519.5243724855236
1318;0.0003446574704285026;1153.7224373839376
1319;0.0014028769106730116;4427.4354738759785
1320;0.00038516931139246947;1316.5565840586005
1321;0.00023492661555220802;911.4604786169647
1322;0.0003123964339020896;1033.3434003930308
1323;0.0015920660756757335;5213.400549747331
1324;0.0007367319148265088;2456.435354366103
1325;0.0003559217281289793;1259.2801754903082
1326;0.00031297903463353927;1040.786257984681
1327;0.00024301825429177648;876.8748448493564
1328;0.00027010941094118265;952.9314610813813
1329;0.00020500044454425505;805.6810721413023
1330;0.0009615232727945311;2898.795333569846
1331;0.0004791446039088371;1525.792384047981
1332;0.0004035098567978417;1366.7821216804134
1333;0.00021298501788218166;805.9368490943178
1334;0.000307728646067637;1027.9682679899195
1335;0.0004690358064221008;1667.5983078570885
1336;0.00039013017452986716;1427.3961450425309
1337;0.00048124164160408153;1690.5000462466376
1338;0.0004464644788409065;1552.3514385736055
1339;0.0002153432969292276;781.7449638114807
1340;0.00025445780001635636;900.4790831347947
1341;0.00048022099744265186;1635.2629744392623
1342;0.0008084065604951925;2843.119730028038
1343;0.000473784911508249;1580.228986675554
1344;0.0005997477361936915;1906.0409725939082
1345;0.0002412081396450727;843.4168980916405
1346;0.00022132439868093918;836.9247968501572
1347;0.001634077384579171;5060.756837497839
1348;0.0008234481366401677;2674.662942059989
1349;0.0002816486218974792;1057.9406581536243
1350;0.0004633773530273328;1587.148889538587
1351;0.0004809318693252627;1596.689050221221
1352;0.0006041192889542306;2064.7743604063385
1353;0.0001836302819093165;663.767965048531
1354;0.000511118914863572;1671.206168950862
1355;0.0003049934359428868;1077.1658802506922
1356;0.0003591095881291993;1213.0310361122097
1357;0.00034377877954652026;1212.8584875142312
1358;0.0003814325227748874;1372.0854356324814
1359;0.00019084783331910636;700.1383139968502
1360;0.000282950279999723;1037.7813884066848
1361;0.0009563926415024048;3181.6625718449072
1362;0.00039997330019243013;1372.2280736020275
1363;0.0008451898488713229;2813.6152999628603
1364;0.0002408871418917761;873.5856763860012
1365;0.0002898825098334441;1001.8981005778388
1366;0.0002870118193998828;952.8452026242287
1367;0.00033269654797844604;1131.0275037285137
1368;0.0009776667710451059;3194.315724418219
1369;0.0002895088027722058;1024.6439256587262
1370;0.00043957177892472256;1579.5804407224837
1371;0.0004045275568553413;1402.8019757104685
1372;0.0004248181783766729;1439.6028934423666
1373;0.0005772320047375365;1928.293515252691
1374;0.0013622848524875017;4326.134931030667
1375;0.00015582030249967373;616.5209805818107
1376;0.0005435427501985752;1867.5707032798723
1377;0.00023690220886909096;803.9479167485534
1378;0.00023823783103681822;856.1971995392869
1379;0.0003137714992537071;1106.630991484078
1380;0.00034922691491152545;1148.196282536252
1381;0.0002647523335551419;839.8434169286769
1382;0.00045826484276461027;1558.815484995986
1383;0.0004332703552365878;1445.6378030532894
1384;0.0004502473066923585;1641.0376800382842
1385;0.0003305718738549249;1136.3828918437866
1386;0.00039283321602143044;1327.0617185202907
1387;0.00041195664237118803;1425.64607233287
1388;0.0005635489720732074;1900.9554567705252
1389;0.0002692652418594863;871.7127808158028
1390;0.000244870217659044;856.3624547321158
1391;0.0005069803870635606;1627.893965136076
1392;0.0005700425010898558;2063.7733653046844
1393;0.0005190504649092304;1680.3298071314975
1394;0.0016701972484344644;6142.760323674589
1395;0.0002505281355488309;886.608710731214
1396;0.0002688868493844466;871.0678378421107
1397;0.0001889470752595026;680.1091239768327
1398;0.0006887435705736393;2343.2213373674554
1399;0.0003225522597577675;1214.6139658062893
1400;0.00021294638767157994;789.8034680191163
1401;0.0006266650121625596;2246.544514622496
1402;0.0005138796780053217;1759.571545385062
1403;0.00021117035626654768;737.22386042077
1404;0.0004571563069863601;1551.921185369067
1405;0.0004778148652925534;1511.5288947236515
1406;0.00041835031203158894;1489.7770210681297
1407;0.00024055144045733495;928.2239670412671
1408;0.00040242552020826355;1306.4881648571888
1409;0.0004482523494859537;1537.5845954759743
1410;0.0006299465502335103;1958.968125511997
1411;0.0003412693166567424;1108.7196613769777
1412;0.0004111489325424663;1459.578922196574
1413;0.0005945190673587094;1970.1069527792765
1414;0.0003921758912634733;1343.8390263612944
1415;0.000608239882762615;2037.1623677830898
1416;0.0012787978670533273;4157.955230577996
1417;0.0002689188570751053;989.4724480078006
1418;0.00038538208183495784;1346.5578424343414
1419;0.0006398352115224718;2151.382374100719
1420;0.00033112017890736143;1146.1261619746833
1421;0.0002556894216381915;920.1976412622082
1422;0.0004430669391016999;1576.682276565863
1423;0.00021546798985997478;734.7237716507326
1424;0.0006347060397604225;2221.148646825488
1425;0.0005037542644663728;1765.1820246001687
1426;0.00031988853463965346;1083.7797571005515
1427;0.0005204521466347995;1761.4446963716027
1428;0.0004411948205828846;1458.786177322055
1429;0.00029070786129674315;1000.6244866289834
1430;0.001150275529446172;3859.720151885982
1431;0.0003131043474694121;1080.4649814316724
1432;0.00048208163706387066;1614.4937145070664
1433;0.0003517339871203524;1229.3638756732466
1434;0.0005465992201912699;2044.2057085882484
1435;0.0013124304625407905;4460.165248263655
1436;0.00031256258044154623;1141.1219867875743
1437;0.00027373973164449553;988.9667962238284
1438;0.00030490744920898797;1023.6342789449302
1439;0.0005411147185699569;1653.1460932354871
1440;0.00034006681975315385;1239.9893118993793
1441;0.00033611906025704866;1162.0538342868551
1442;0.00023850620785894854;852.2172194665545
1443;0.0008380792043947573;2957.4757462773696
1444;0.0004308405706857927;1471.3872791168033
1445;0.00033858262711599176;1060.203692273798
1446;0.0009785209555922348;3263.5811138534486
1447;0.0007459229336692072;2537.834177809168
1448;0.0003296688193752011;1078.8597875410876
1449;0.00033256452148117745;1139.7973934164647
1450;0.0009648352774288726;3421.164662163254
1451;0.0009186410515650208;3055.7274631539885
1452;0.0005049110018167562;1673.4672111694013
1453;0.0003539007839700152;1292.8982226605915
1454;0.0003375964357836072;1257.305677497119
1455;0.0003940257783670342;1316.246226617515
1456;0.00027987390822961964;1013.3009078043235
1457;0.00043570876681037614;1433.2127020805985
1458;0.0007431815469155235;2477.4869302017487
1459;0.001452959665003991;4611.805214106518
1460;0.000279948819823121;1017.5402763212653
1461;0.00029110316650073054;1002.4106467355605
1462;0.00030445214750108955;1095.3602160668254
1463;0.0003528053585574837;1154.5804740619874
1464;0.0002572461742018074;891.6168653794697
1465;0.0006312466038974426;2044.344690266196
1466;0.0006991643895569213;2273.3062640002754
1467;0.00035762256439065616;1239.5967135430503
1468;0.0014632409126244658;4609.860551881203
1469;0.0003503364217482808;1257.2772287945338
1470;0.00019777480250571683;734.6591254505593
1471;0.0002884386632025312;1088.1330160000844
1472;0.00024720560350085353;809.9782780963648
1473;0.00043004081134681213;1534.189788563359
1474;0.00026918283155362454;813.078864333366
1475;0.00026903226129810424;961.3615903749441
1476;0.0003673423108978214;1284.1692300559655
1477;0.0002642880725592503;934.1676672612285
1478;0.00036296281125608524;1269.5931229003575
1479;0.00023066937972692332;818.6629251044512
1480;0.0008971307260290781;2928.9183595448735
1481;0.00028019803564010616;1051.7219160588031
1482;0.0003859874099003599;1344.4596640429602
1483;0.00025074672371890456;888.4794287255543
1484;0.0003238620141269421;1258.297674561876
1485;0.0005056598793868019;1688.1725565756287
1486;0.00022081760752222358;890.6205656425806
1487;0.0005468455725409073;1759.449290451674
1488;0.0003128117915608499;1035.0755047941698
1489;0.0002349568687388679;836.0456401138133
1490;0.0004551649953393064;1467.8851152850568
1491;0.00029503950674785936;1026.4353859982805
1492;0.00022276767707849046;782.0731084734136
1493;0.00024679714737596217;817.1628227374838
1494;0.0011624983618362845;3840.273251128403
1495;0.0009836413074713138;3272.4612124173796
1496;0.00022795056266794992;776.7380499473138
1497;0.0003584657156500446;1262.6231807705738
1498;0.0002422658534920075;940.3836487530898
1499;0.00044284164351596775;1667.58173998696
1500;0.0004148976523793834;1415.546247733102
1501;0.00031470464305820327;1135.5099387698817
1502;0.000365210738362563;1248.495058022713
1503;0.0002385184781346037;902.9267665517149
1504;0.0004766630387001249;1694.0647630963533
1505;0.0004650251644813682;1558.4096470696343
1506;0.0003325199343310516;1276.971086423902
1507;0.0003542800057138125;1174.10124659657
1508;0.0002586812523792967;876.3007437889456
1509;0.0003814742499472045;1315.0439905068731
1510;0.0006169720192715425;1975.6701116097977
1511;0.00036814507447853077;1298.0263201929376
1512;0.0005301359179783811;1749.1619508551921
1513;0.00018707226228179032;686.6231716323758
1514;0.00016409609350684742;743.981671962325
1515;0.05462499471875082;181329.5300849501
1516;0.0004493291439119099;1613.822334471317
1517;0.00021635675158411972;772.9973468373161
1518;0.0003278446026327828;1108.7046575675356
1519;0.00039923617167211383;1283.039562908841
1520;0.0004897174355641884;1699.2871091792392
1521;0.0003018402858465554;1081.8733949245066
1522;0.0009632074935810119;3137.1480969976224
1523;0.005268651457716997;16759.929815640822
1524;0.0002594199437880555;956.4415049336054
1525;0.0004660563940274862;1658.4077291457556
1526;0.0003506563651203427;1133.0422163602368
1527;0.0004904381153676695;1591.8566039062543
1528;0.0005541360433926434;1838.9078206537197
1529;0.00021735541833697863;816.7272460512066
1530;0.00041191237518054544;1384.6932659126755
1531;0.0003369186992766321;1137.5009689510682
1532;0.0019744283909853225;6382.465479485581
1533;0.00020932660771248024;754.6040143191569
1534;0.0007991942097550663;2683.641840433626
1535;0.00025825507962426485;907.4025666328921
1536;0.0003654504581188219;1230.4000818810052
1537;0.00030007188171491333;996.8919491678697
1538;0.00023654953423708197;905.9446729446952
1539;0.0002263825510402145;786.0133771970042
1540;0.00035990537637393787;1486.245810938145
1541;0.0009006229639463901;2929.247115591107
1542;0.0002837558732003887;1014.6369709325916
1543;0.00031624781263385064;1131.735428350102
1544;0.00039689696718054;1326.2931353141373
1545;0.0002617506613274696;906.313474784403
1546;0.0003754960375691225;1308.1844354443235
1547;0.00020538379352783693;746.6301630407537
1548;0.0003167797964130679;1032.7327885018105
1549;0.0026644993488723857;7988.097138732351
1550;0.0005686485338582485;1812.9788852152026
1551;0.000618032280963093;1937.7057172902937
1552;0.0002285421975017264;829.7813183042722
1553;0.000622992274298792;2047.5772408816554
1554;0.0011135585083791976;3698.6206792998405
1555;0.0007255580769375159;2494.570537763084
1556;0.0002815294159158527;988.4702665325021
1557;0.00047263287654444105;1737.50651089297
1558;0.00034545268687285097;1184.9279375849699
1559;0.00042328677203772356;1467.516189725758
1560;0.00044120034776124096;1588.2854655135347
1561;0.0003372130720296617;1087.2019796267045
1562;0.0004694515134896566;1573.202438210895
1563;0.00021553093892248194;776.6285401180111
1564;0.0003879968209849527;1406.2433749438246
1565;0.0002757189951574792;1038.3631063092103
1566;0.0005332964120673245;1726.8762483108783
1567;0.00506507908948023;17455.278821191885
1568;0.0003441959325180399;1186.7472156911483
1569;0.0005695002885106418;1872.2461014666353
1570;0.00016123503426239928;623.52208363614
1571;0.00033273194842510235;1102.0230927222497
1572;0.0007183028165115004;2248.189241967177
1573;0.00019617838209691154;763.0323896448484
1574;0.0006820016458293203;2087.8045913816254
1575;0.00026507213102579453;846.6623103981553
1576;0.0006507568917851635;2270.179923825984
1577;0.000262691007637698;898.4804275992976
1578;0.0002783809433102713;1011.2884258517182
1579;0.00033963124021565126;1107.0719859922121
1580;0.0003731745085142847;1254.7643589845493
1581;0.00039478142923389157;1309.3104735181203
1582;0.0010076801584937816;3572.787163357174
1583;0.0011371286184429094;3656.1100010830523
1584;0.0005366330798571396;1935.3952606459845
1585;0.00042683724816737966;1494.7562553540267
1586;0.0002921412088929464;1036.82104769893
1587;0.0004148124024825577;1354.1880090864256
1588;0.0009338974709689498;3056.61197011369
1589;0.00029164187094507326;1092.294068791746
1590;0.0003592673644636714;1296.2679890573256
1591;0.0003449497922272377;1266.2056550805303
1592;0.00013993086046652892;553.7734853077305
1593;0.0005345123875926619;1890.5051045680696
1594;0.0002733330544471393;987.3429922107819
1595;0.0008140811810384076;2683.6067779360587
1596;0.00032595160192712815;1071.283905574354
1597;0.6970351822791967;2211132.492868601
1598;0.00021973330642321642;766.2994031766218
1599;0.000721563079887497;2479.0267845032704
1600;0.0002575816637238043;910.043723902016
1601;0.000669818026353971;2439.8646367112265
1602;0.0002681281310945306;969.8327767439225
1603;0.0005928587234577035;2052.091236154072
1604;0.000608825246054163;1974.1590915552313
1605;0.0009775335414669891;3102.8392294630044
1606;0.00047693780521332026;1565.323254027222
1607;0.0022052943736931797;7185.00707711865
1608;0.00021330522809106622;796.289211465565
1609;0.00045120767886668944;1491.574231729134
1610;0.00030841301479936486;1038.6851502231045
1611;0.0005310976076699301;1774.8816864821943
1612;0.00029230890088489074;1039.321258844688
1613;0.0007833866243630934;2523.252027724962
1614;0.00035102294235875433;1189.629555499122
1615;0.000591059961920337;2082.618380431618
1616;0.00031340212694562627;1121.7517243492523
1617;0.002005884178560524;6334.49044566442
1618;0.00039497116848233587;1386.4396737947925
1619;0.001654386587939265;5511.925231758798
1620;0.00026256760244200986;927.4497602726482
1621;0.0009940040700210698;3166.243795947383
1622;0.000325897623272617;1122.8222620767783
1623;0.0014407608749853024;4608.357621806029
1624;0.0003121656622992629;1192.432886793711
1625;0.000798145286374818;2493.5092855656476
1626;0.00030622605160641976;1061.8173369293206
1627;0.00032942778386609885;1103.486678708587
1628;0.0651870092706814;202962.22909547522
1629;0.00042092629532096155;1423.02607402845
1630;0.0003530450794596447;1230.949548354823
1631;0.00022436220603545744;918.9342282675669
1632;0.00016567607188855781;635.8967587606359
1633;0.0003121090020860421;1072.9842573922176
1634;0.00038043005567984427;1232.66498873161
1635;0.0002758191145528844;1088.5787080249008
1636;0.0003559413745170492;1242.7644089579244
1637;0.0006410039916639508;2160.54887830083
1638;0.0003453718433599564;1053.2592868002562
1639;0.00031923350044494914;1074.6482532638283
1640;0.0004374253314789399;1552.5541048907187
1641;0.000605611527073033;2030.6859961064474
1642;0.00039885624308930504;1389.937248707618
1643;0.0005803119994524354;1934.7254913003599
1644;0.0005297045278893678;1787.4942424691358
1645;0.000411204241594097;1481.1445903886301
1646;0.0005394027650860992;1720.4247749368253
1647;0.0006305535255491061;1938.7147649772687
1648;0.0002802451905412471;946.0468272682376
1649;0.0003368000144244259;1055.392725178691
1650;0.0007222581884096307;2318.364045105351
1651;0.0006065616680382547;1901.3194144388513
1652;0.0002712209337417904;1014.3268814683638
1653;0.00039648757885379655;1450.9201478300854
1654;0.0004055126304347323;1367.396130248343
1655;0.00038892041915156254;1337.0530755889577
1656;0.0003743369473294191;1239.5712576712806
1657;0.00034106365187411665;1180.8489530864656
1658;0.001663407900433982;5074.366839379621
1659;0.0003568467903695408;1258.320399153709
1660;0.0011888359545155804;3720.5290861399826
1661;0.00043036887955516274;1360.4190355109936
1662;0.00027431920645517796;969.8971884754109
1663;0.00031799672799906297;1034.675292477763
1664;0.0004864099252123328;1491.6147573807195
1665;0.0003007994225020424;1008.2150333963375
1666;0.0005375953931622856;1797.2490831368361
1667;0.00036883861627018947;1361.2608907145423
1668;0.0006815273035068625;2323.0506972599333
1669;0.0005013708012215902;1595.8051528406763
1670;0.00034586408398910433;1149.7568336560112
1671;0.00032290685445769994;1033.2371115895003
1672;0.0006896183925983143;2327.583351644403
1673;0.0012118787125320087;3987.6873315461808
1674;0.002021826006138519;6152.935511260028
1675;0.0002533803620760041;838.5730879014851
1676;0.0003071388180673129;1039.5821393186307
1677;0.00036356224790772164;1402.9416248768762
1678;0.00033913825090212623;1198.7954073302985
1679;0.0007243858868245111;2448.600328531897
1680;0.0003792624916056951;1270.7553189132425
1681;0.0003747101455748525;1291.6800977085725
1682;0.0003214802014940518;1140.1390992843649
1683;0.0003856146210149104;1330.7690097242796
1684;0.0005347160564918651;1780.1170006836708
1685;0.0008590848790328485;3164.5715762517143
1686;0.0002935120708571764;1055.3146021425562
1687;0.0003628141120068737;1313.3769508923892
1688;0.0010046502091948448;3146.9786390855297
1689;0.000615135287940447;2212.5830870334785
1690;0.0005148425704994743;1729.778956186293
1691;0.0003435557499181308;1129.0951567167317
1692;0.00033814974682759905;1192.231222103239
1693;0.0006364517677117981;2057.5323526436487
1694;0.0006035276973438475;1833.8664808019669
1695;0.0004724225242109162;1516.9668262147018
1696;0.000713012809385131;2616.272384662752
1697;0.002412759293168202;7899.649509395945
1698;0.00040796914990572666;1338.0049785229107
1699;0.00033564602838261504;1181.6562332423273
1700;0.00043601774640293276;1538.9537473955663
1701;0.00026578455067564725;917.1509828003157
1702;0.0002952159779688173;1017.9544116571446
1703;0.0005179116998285885;1756.2103308822184
1704;0.0006073870970915522;1965.5176327975955
1705;0.0013680868824153566;4272.603793961595
1706;0.0009297947341030218;3066.2439831276088
1707;0.00041169697983401766;1378.349152121118
1708;0.0003081480203925422;1107.2418363485638
1709;0.0004321189549126165;1400.784506311741
1710;0.0002651383085541293;986.3252833807572
1711;0.0003159941249226099;1024.7269543577293
1712;0.00047318706273465403;1547.6101410707486
1713;0.0002713019389004893;943.1670207971548
1714;0.00042720354759332184;1479.2037172259854
1715;0.00018609325878763257;641.1854498234999
1716;0.0002839087994089183;986.2336233164814
1717;0.0003995679231041524;1416.3735077457245
1718;0.00029221948255974696;948.0998668522428
1719;0.00027820129153670824;975.1431765887652
1720;0.0004459937597797826;1509.3088813349234
1721;0.08871650276960247;297875.237080419
1722;0.0003300289950457876;1084.1890070711572
1723;0.00029613674160979924;1038.15809204464
1724;0.00030678367336140264;1129.1517656519266
1725;0.0003650674823381547;1272.0537104652828
1726;0.0004518274812237246;1524.830874368262
1727;0.0005404166012529628;1952.3604176937192
1728;0.0006320063195715878;2139.6115292520403
1729;0.00030365590636282833;1068.689303746022
1730;0.07419313204766997;235801.64368814265
1731;0.00030837446079160305;1026.9727512442464
1732;0.0007901809679699035;2733.1851735734494
1733;0.0006720370988019815;2367.4181226335613
1734;0.00042611899836038635;1388.4239187765866
1735;0.0006530903753527189;1996.6624299413636
1736;0.00026969989488889485;1024.565796718289
1737;0.0003801568621477764;1274.3077102194386
1738;0.0003634721883933462;1408.26878560522
1739;0.00030387116385275265;1167.5594682940193
1740;0.0003662052679208039;1282.7381853474988
1741;0.04332948986738754;136861.27540216668
1742;0.00023998924116349794;866.5122963452277
1743;0.0003427050943240973;1178.1657776576012
1744;0.00023279134620565937;791.4347082491793
1745;0.0002846501075706107;1027.946395632704
1746;0.00029132252891368656;1086.2375155500258
1747;0.0002362635316180417;859.6560914251564
1748;0.0008045791161774041;2722.5156281263476
1749;0.000890604546980168;2963.8349350292397
1750;0.0009848461501014735;3369.8075863039803
1751;0.0002725304636252994;896.8242521656541
1752;0.00034889334193775043;1282.7409359974426
1753;0.00039479072679552687;1369.6393050379816
1754;0.0003501494323395074;1163.8157942685782
1755;0.00019572109001586642;732.7646512101702
1756;0.00031300267584994203;1058.6501713602534
1757;0.0004833936546960257;1606.143089489274
1758;0.10920496118140408;360434.7056525678
1759;0.00036457127602283133;1186.6066105679133
1760;0.000964375791363083;3174.2961501699324
1761;0.00033589321472875467;1162.7438488998357
1762;0.0004889539932555707;1584.387230096453
1763;0.0006570526263332698;2039.5174426135932
1764;0.001610788743439309;4920.218707328064
1765;0.0003018163597345401;1135.334769816147
1766;0.0006488505831363972;2147.105021709433
1767;0.00030537513588757234;1068.5090029531361
1768;0.0003630734132498952;1191.8071894996615
1769;0.00025313088266203375;829.6902679045874
1770;0.00032333939847377705;1109.9926018742733
1771;0.00020651380839198204;766.4798806628635
1772;0.00023414217322394976;773.2317028460785
1773;0.0002965374837216474;1039.6763877075068
1774;0.00029975965930339473;986.49282647463
1775;0.00027064194103502916;951.1311348106995
1776;0.00043934712684815723;1457.9051644505487
1777;0.000365711538037861;1204.0539786962893
1778;0.0014665820866795658;4504.088382954601
1779;0.0003014046935001316;1037.2527966438854
1780;0.0002633722963820732;953.0941761655457
1781;0.0002599748016719134;971.7058162053668
1782;0.0006745457987490754;2309.0215797004603
1783;0.00036106313090599254;1284.778880605843
1784;0.000559493028086608;1802.3496651790342
1785;0.0002254856330860677;842.3358191566757
1786;0.00023042422734388443;792.4314554622647
1787;0.0003659072551487101;1203.7641094089454
1788;0.00030763801539723627;1078.2023778072548
1789;0.0002668984798129429;937.6134879462488
1790;0.0005493419293620002;1677.7401429745903
1791;0.0005553300661457782;2100.6615876663695
1792;0.00048672586910025067;1663.7085311601024
1793;0.0004814226196896246;1623.1802520335382
1794;0.0002665512848760464;922.649377278352
1795;0.0002952329702045056;979.1094786482918
1796;0.0011705853565089144;3370.7719625109144
1797;0.000351805480153321;1120.093333741048
1798;0.0007584548519340977;3046.738194218068
1799;0.00033882950558591826;1193.4625664792036
1800;0.0004648596349282472;1496.8362767744982
1801;0.00028103821161291486;1025.2203832720597
1802;0.0004561827727927989;1641.4970282217034
1803;0.00029539420890102786;1095.9206647617852
1804;0.0008857060160758645;3128.5976737534606
1805;0.0003203348224622483;1204.8528625248487
1806;0.02477252714205977;76100.19664635566
1807;0.0003394364363136181;1146.8149541761582
1808;0.000887706364398946;2872.567835569739
1809;0.00023924454526023475;815.2973761488954
1810;0.00034911319020017393;1191.2747259724124
1811;0.0004687134729592175;1611.8768149080142
1812;0.0002618084313321085;947.5465663952788
1813;0.00045002390018477684;1637.3340699688179
1814;0.0005659585271542469;1838.3640477388697
1815;0.0002486128770636129;967.046221699526
1816;0.0007003022104260771;2332.291684135191
1817;0.0002457078997223862;838.3006973691208
1818;0.00034472556361633756;1188.4455812113536
1819;0.01268973334700394;42214.60043625172
1820;0.0003404652430256357;1121.4422163364857
1821;0.0003010437395912655;1027.1000824360083
1822;0.0003940724397197307;1337.3572002710039
1823;0.0005563841950619715;1769.0363669754433
1824;0.0004190922842344594;1469.3107265943197
1825;0.00039211298555459336;1365.3603335976209
1826;0.00033582807951729204;1175.3054469079473
1827;0.0006339702167142698;2164.0681089237733
1828;0.0004586463043273378;1492.2275898338053
1829;0.00037133672047223336;1331.817060427048
1830;0.0003588338560580102;1249.3650314865865
1831;0.0025731760032488595;8452.985428349635
1832;0.0002652937926074402;961.6472394120128
1833;0.0009624788057364206;3152.5347440468813
1834;0.0004201261568377408;1354.4380003953358
1835;0.00014555625289312983;571.4407800100746
1836;0.00033315579445828585;1103.1628187086867
1837;0.00045397240790471415;1461.4966293724115
1838;0.00034021703836556894;1045.4831823098532
1839;0.00044598542528066613;1590.1164757955507
1840;0.0012476029383942434;4472.7968837477565
1841;0.00021548989147183317;829.3968491281552
1842;0.0002928518724245985;1108.4532369847036
1843;0.00022863033386288947;852.2961198090154
1844;0.00026569101274962723;996.1017864179308
1845;0.0007339871692574396;2313.516040593663
1846;0.00037018969553867504;1218.3906341493941
1847;0.000328862646595696;1146.4087377333203
1848;0.0003943714301245529;1205.8484705995372
1849;0.00039952444137345374;1356.5777937674159
1850;0.0001943207622086649;753.2733001032111
1851;0.0007646497334008931;2718.183915555536
1852;0.0002119071371285353;806.159578862723
1853;0.0003726957300459154;1316.8662650650758
1854;0.00026207633048655753;925.6892968911036
1855;0.001392174879862602;4608.4738975256005
1856;0.001281674301847961;4214.188699261029
1857;0.0003133778205422205;1114.9138581823856
1858;0.0008240323669876569;2656.39394467404
1859;0.0014171280692033283;4426.92681396497
1860;0.00041566820995702513;1362.3784737827434
1861;0.029565866018535857;94372.43883458352
1862;0.001365716738572856;4198.666111592005
1863;0.0007476516857568209;2404.201106421609
1864;0.0004021915057793041;1365.6480918141228
1865;0.0002774294552701325;921.2997849658774
1866;0.000502671206652211;1781.0990203314414
1867;0.0006240171274280405;1991.8241733461211
1868;0.0003636545217416125;1266.9886940081155
1869;0.00031617189007203796;1079.2849854638382
1870;0.011179925570165172;36266.61653662396
1871;0.0002688687406712088;1017.4381836803256
1872;0.0002975154403330224;1043.0033047429183
1873;0.00034968275084316236;1160.8790126178492
1874;0.00039779724190004673;1345.7803873577732
1875;0.00033138470617479995;1145.6285707854613
1876;0.0005551974235521036;1824.5159757991673
1877;0.0005311359229441552;1648.5572447429336
1878;0.0003389773233857195;1208.0856199663442
1879;0.001156279242711715;3724.0851691600296
1880;0.0002702081068953837;999.1791301316932
1881;0.0006731278361828226;2377.0016504462274
1882;0.00025762996944335024;884.7787415710137
1883;0.00036165870854710006;1226.0951749944693
1884;0.0017435895984820272;5630.502174296426
1885;0.00037725331205801634;1313.4597801281138
1886;0.00034176285690047713;1194.956209156659
1887;0.0005425750950758622;1844.9298788334258
1888;0.00032662006556847064;1111.9780893432699
1889;0.0005553559262641605;1812.1003026551002
1890;0.00029203509554702033;1016.3313580908789
1891;0.00031777486810554827;1062.9160682081108
1892;0.00036043590680623155;1332.1138812388012
1893;0.0003581460001692522;1292.6718295494236
1894;0.0003575286743767739;1245.364508444142
1895;0.00035894392505159714;1271.7901143497008
1896;0.00019902217951505886;770.7560327659743
1897;0.00039175163213965147;1317.9633066269587
1898;0.0009846358408723476;3204.065794803504
1899;0.000474643512117715;1485.579281063229
1900;0.00031770158025442745;1156.0074313982047
1901;0.00022511051736175312;757.2875986263522
1902;0.00047715339666448415;1550.58761460649
1903;0.0008384741004740166;2987.050510252267
1904;0.00032352063940937115;1156.2446288050862
1905;0.00030808773551116566;1137.5055536920702
1906;0.00037797774596970874;1333.1429922060465
1907;0.0005512716337800459;1824.2043394810046
1908;0.00021363164732481445;809.1496071674158
1909;0.00021331631963114928;697.1980487964057
1910;0.00030773264726895346;1122.7526848409645
1911;0.00038773092226991737;1333.314408835161
1912;0.0007308402056893362;2462.2627710352594
1913;0.00035782104160902474;1142.2537119784706
1914;0.00022186854198927397;807.6139784565943
1915;0.00031250760091245815;1090.3874241193332
1916;0.0003563665543709393;1280.438107560206
1917;0.00029067922416282444;1031.3793180766331
1918;0.0003194364293962083;1093.4884441170768
1919;0.00021373400243885696;832.0838794628611
1920;0.0004321345686264793;1457.2430034665367
1921;0.0005103431297579691;1733.521621153069
1922;0.00036449892482769624;1281.1825681146177
1923;0.0002383913012680777;860.7963949939422
1924;0.0004885869488191974;1708.5976065721043
1925;0.00023415544552979198;820.098492638003
1926;0.0003507496894501723;1156.3648650540908
1927;0.0005731939577199488;1981.11705855204
1928;0.00033447177206856737;1201.3781269281228
1929;0.0004854387490878293;1680.9603450425248
1930;0.0004988498658882336;1731.0052078138847
1931;0.00029336725433381085;980.3388206386227
1932;0.00037673738169999207;1324.9731397064215
1933;0.0003784224125617617;1229.7526887226454
1934;0.0004984989642025755;1625.455242808198
1935;0.0005588788995102359;1837.0380391609847
1936;0.00021866002417843312;833.5983781951925
1937;0.0005830540744648818;1815.1562659561773
1938;0.0019708986991403433;6016.382309539527
1939;0.00036289723064246237;1199.93662109992
1940;0.00045655532601962474;1597.1735743920665
1941;0.0002836666163624146;1047.1998669422787
1942;0.0005170738978904087;1851.2067459397483
1943;0.03609993713863052;115254.49119189936
1944;0.0004839359503150076;1662.9590780285125
1945;0.00028019485842335984;1045.848673877644
1946;0.0003437750097961734;1219.2095934609197
1947;0.0004780340548194665;1659.0993429397022
1948;0.0008790876692781245;2751.2641932622078
1949;0.0004782006926197895;1727.3576960232192
1950;0.0006950327631382314;2181.1200051400615
1951;0.0001861213951505212;650.1860224516989
1952;0.00037241648920806797;1261.7795460044283
1953;0.0006111467963200097;2099.186070378217
1954;0.0002794175948676126;989.8733837695934
1955;0.00046456453495718174;1528.9604795791943
1956;0.0002479400389759581;863.8474971508087
1957;0.00030641390718879117;1071.0068465990753
1958;0.00037268640152462513;1235.5657850532255
1959;0.00023524698161599199;912.2601499114742
1960;0.0043114198426732015;14316.896299727388
1961;0.0004967790767616048;1825.7933876610994
1962;0.00035780850211350197;1235.2086243713097
1963;0.00035935111718454467;1262.7786909549045
1964;0.00033175162610544497;1141.4102921172998
1965;0.0003647025180650641;1190.915415597208
1966;0.0003229498855696755;1187.4339688239127
1967;0.00022694064011947004;881.9231742467067
1968;0.001153163628146776;4266.075521219547
1969;0.000384186746254294;1428.1334168331914
1970;0.0008357691238941779;2760.1154015470634
1971;0.00028121257529170845;984.000167472814
1972;0.00022145086097445692;750.8768209599801
1973;0.00039262217114276974;1440.5821967011286
1974;0.0003999489484350257;1370.8660368209635
1975;0.0005536818893440995;1861.9090628575216
1976;0.0004906251243893718;1678.459184746252
1977;0.0007738988602614955;2349.2263282508393
1978;0.0002619872180649573;916.804677502806
1979;0.0013095465510780534;4582.999500247745
1980;0.00026276273986855535;860.6988167284213
1981;0.0002891593687521497;1085.2523027233008
1982;0.0008334875803791993;2672.1035918082935
1983;0.0002943225543212862;1027.2210687460943
1984;0.0003093992756700025;1168.8194121165434
1985;0.0008747787371105907;3012.5653070679814
1986;0.00031409276440523207;1058.6468049868538
1987;0.00016960673788041946;634.0482573137643
1988;0.00021524734550830532;772.3446373747421
1989;0.0004941591402350137;1754.0034539736546
1990;0.00023278361471707257;881.8617026917383
1991;0.0006056447018109247;2078.4992111321194
1992;0.00030301907527980184;1070.8991943731473
1993;0.00028111433397664523;980.5847980522238
1994;0.0006746068683343712;2430.9719364733
1995;0.00023350332887442469;819.9047282818841
1996;0.00042291606647368605;1460.9425656121903
1997;0.0013976956046392829;4500.949011575589
1998;0.00029723041530028244;1056.1710198362398
1999;0.00035018905358912716;1134.9165821566298
